,ticker,so
0,DDD,124142000
1,MMM,576822016
2,WBAI,43001500
3,EGHT,106321000
4,AHC,18941300
5,AOS,135430000
6,ATEN,76708496
7,AIR,35300800
8,AAN,67557000
9,ABB,2058790016
10,ABT,1772359936
11,ABBV,1764829952
12,ANF,62373200
13,AWP,85408000
14,ACP,17432100
15,JEQ,13408500
16,AOD,105431000
17,ABM,66687100
18,AKR,86268096
19,ACEL,93280704
20,ACN,635000000
21,ACCO,94496800
22,ATV,2570950
23,AYI,39637400
24,GOLF,74294496
25,ADX,108683000
26,PEO,29778400
27,ADCT,76718600
28,AGRO,117339000
29,ADNT,93884400
30,ADT,770713984
31,ATGE,52091400
32,AAP,67854496
33,WMS,70476800
34,ASIX,28030300
35,AVK,34525200
36,ACM,160388992
37,AEG,2028519936
38,AENZ,174384000
39,AER,129757000
40,AJRD,78527800
41,AMG,46553100
42,AFL,702444992
43,MITT,40721800
44,AGCO,74899504
45,A,308310016
46,AEM,242350000
47,ADC,55370500
48,AL,113779000
49,APD,220894000
50,ALG,11879300
51,AGI,392697984
52,ALK,123664000
53,AIN,30700000
54,ALB,106457000
55,ACI,472652992
56,AA,185930000
57,ALC,489200000
58,ALEX,72354304
59,ALX,5107290
60,ARE,134944000
61,AQN,597030976
62,BABA,2705639936
63,Y,14130400
64,ATI,126816000
65,ALLE,92039000
66,ALE,51974900
67,ADS,47715000
68,AFB,28744900
69,AWF,86229696
70,AB,96174600
71,AIO,34323100
72,CBH,18258500
73,NCV,90373600
74,NCZ,76115800
75,ACV,10353900
76,NFJ,94801600
77,NIE,27709000
78,ALSN,112671000
79,ALL,304068000
80,ALLY,373856992
81,PINE,7458760
82,ALTG,30018500
83,AYX,54044800
84,ATUS,377121984
85,MO,1858419968
86,ACH,680907008
87,ALUS,28750000
88,AMBC,45809100
89,ABEV,15733399552
90,AMC,85624200
91,AMCR,1568480000
92,AEE,247207008
93,AMRC,29866100
94,AMOV,3351689984
95,AMX,3351689984
96,AAT,60282900
97,AXL,113273000
98,ACC,137632000
99,AEO,166114000
100,AEL,92017000
101,AXP,805201984
102,AFG,86844200
103,AMH,315628000
104,AIG,861526016
105,ARL,15997100
106,ARA,34519200
107,AWR,36889100
108,AMT,444212992
109,AVD,30287600
110,AWK,181272000
111,AMWL,199892000
112,COLD,204860000
113,AMP,117978000
114,ABC,204142000
115,AMN,47030800
116,AMRX,147628000
117,AP,18308700
118,APH,299155008
119,AXR,7323370
120,HKIB,245611008
121,AME,230064992
122,PLAN,139772000
123,FINS,15229000
124,AU,415999008
125,BUD,1971160064
126,NLY,1398230016
127,AM,476639008
128,AR,268672000
129,ANTM,248704000
130,ANH,99235600
131,AON,231650000
132,AIV,148866000
133,APG,169794000
134,ARI,140296992
135,APO,228816000
136,AFT,15573100
137,AIF,14464000
138,APLE,223266000
139,AIT,38760000
140,ATR,64722500
141,APTV,270024992
142,ARMK,252976000
143,ABR,123395000
144,ARC,43863000
145,MT,1057470016
146,ARCH,15147300
147,ADM,556388992
148,AROC,152932000
149,ARNC,109145000
150,ARCO,127266000
151,ACA,48267400
152,RCUS,64923300
153,ARD,18660000
154,ASC,33285300
155,ACRE,33441900
156,ARDC,22914900
157,ARES,143832000
158,AGX,15670000
159,ARGO,34684700
160,ANET,75661504
161,AAIC,33427700
162,AIW,30345600
163,ARLO,79037200
164,AHH,57934000
165,ARR,64730200
166,AFI,21594100
167,AWI,47859800
168,ARW,75545200
169,AJG,192322000
170,APAM,61425500
171,ASA,19289900
172,ASAN,74059504
173,ABG,19285500
174,ASX,2132700032
175,ASGN,52900000
176,AHT,14628200
177,ASH,60470500
178,ASPN,26867900
179,AMK,72449296
180,ASB,153590000
181,AC,3342230
182,AIZ,58759200
183,AIZP,62053900
184,AGO,80806200
185,HOME,64270400
186,T,7126000128
187,ATTO,14026900
188,ATH,191464000
189,ATKR,47260000
190,AT,89222600
191,ASAQ,25000000
192,ATCO,246032000
193,ATO,123355000
194,ACB,183656000
195,ATHM,119077000
196,ALV,87337504
197,AN,87865000
198,AZO,23376000
199,AVLR,84570896
200,AVB,139608992
201,AGR,309004992
202,AVNS,47833100
203,AVTR,578339008
204,AVYA,82978000
205,AVY,83417696
206,AVNT,91475600
207,AVA,68736000
208,AXTA,235476992
209,AXS,84321104
210,AX,59045300
211,AZUL,113941000
212,AZRE,47844600
213,AZZ,26076400
214,BGS,64252900
215,BW,52009500
216,BGH,20064300
217,BMI,29117500
218,BCSF,64562300
219,BKR,685817024
220,BBN,57165200
221,BLL,326567008
222,BALY,30476100
223,BANC,49763000
224,BBAR,204236992
225,BBVA,6655379968
226,BBD,8835529728
227,BBDO,8835529728
228,BCH,505084992
229,BLX,39614000
230,BSBR,7460859904
231,BSAC,471115008
232,BSMX,1357400064
233,SAN,16590000128
234,CIB,240456992
235,BXS,102577000
236,BAC,8650789888
237,BOH,40060900
238,BMO,642804992
239,NTB,50107600
240,BNS,1211430016
241,BKU,92387296
242,BCS,4338930176
243,BBDC,47961800
244,MCI,20261700
245,MPV,10601700
246,BNED,48633100
247,B,50617400
248,GOLD,1778130048
249,BHC,354992992
250,BAX,510817984
251,BTE,561200000
252,BCE,904328000
253,BZH,31012800
254,BDX,289868992
255,BDC,44610000
256,BRBR,39428600
257,BHE,36474500
258,BHLB,50832000
259,BERY,132600000
260,BBY,258832000
261,BEST,385100000
262,BGSF,10317000
263,BHP,2528960000
264,BBL,2528999936
265,BIG,39257000
266,BH,2068640
267,BILL,81164704
268,BHVN,59939200
269,BIO,24740500
270,BJ,137943008
271,BKH,62746700
272,BKI,157028992
273,BSM,206748992
274,BB,556513024
275,BGIO,22147300
276,BFZ,31550800
277,BCAT,100000000
278,CII,44121400
279,BHK,53935100
280,HYT,121904000
281,BTZ,93479000
282,DSU,46783200
283,BGR,29825300
284,BDJ,187542000
285,EGF,4734990
286,FRA,35681200
287,BFO,5304590
288,BGT,22601200
289,BOE,64981900
290,BME,11516600
291,BAF,8749420
292,BKT,63797100
293,BGY,104965000
294,BKN,17185900
295,BTA,13426000
296,BZM,2082340
297,MHE,2371020
298,BIT,37537600
299,MUI,38296300
300,MUA,36110800
301,BKK,20236600
302,BBK,10523000
303,BBF,10232400
304,BYM,26406300
305,BFK,44831300
306,BLE,23558000
307,BTT,70505600
308,MEN,29681500
309,MUC,41002500
310,MUH,11336300
311,MHD,14209700
312,MFL,37896200
313,MUJ,30087200
314,MHN,31132000
315,MUE,22520800
316,MUS,13018300
317,MVT,21339900
318,MYC,21419500
319,MCA,34405700
320,MYD,46919700
321,MYF,13714000
322,MFT,8478720
323,MIY,29509500
324,MYJ,24158100
325,MYN,39586600
326,MPA,13308200
327,MQT,22558000
328,MYI,68150704
329,MQY,30715400
330,BNY,12976100
331,BSE,6519660
332,BFY,5004920
333,BCX,90075296
334,BST,24167100
335,BSTZ,78090000
336,BSD,7308170
337,BUI,17741200
338,BHV,1607660
339,BLK,152511008
340,BGB,44664400
341,BGX,12707800
342,BSL,15286200
343,BE,138307008
344,APRN,14032000
345,BXG,72484304
346,BVH,15624100
347,BXC,9461540
348,DCF,14963100
349,DHF,72707696
350,DMB,18387600
351,DSM,49421500
352,LEO,62209800
353,BA,564529984
354,BCC,39201200
355,BCEI,20834400
356,BOOT,28866900
357,BAH,137900000
358,BQ,90753000
359,BWA,244519008
360,BORR,208859008
361,SAM,9934620
362,BXP,155636000
363,BSX,1431920000
364,BOX,156544992
365,BYD,111540000
366,BPMP,52403000
367,BP,3377929984
368,BPT,21400000
369,BRC,48421600
370,BHR,36686700
371,BDN,170572992
372,BWG,20989800
373,LND,59182900
374,BAK,397872000
375,BRFS,807707008
376,MNRL,43315900
377,BFAM,60564300
378,BEDU,120549000
379,BSIG,79885296
380,BV,104903000
381,EAT,45289400
382,BCO,49433100
383,BMY,2259749888
384,VTOL,29710800
385,BTI,2294240000
386,BRX,296481984
387,BRMK,132236000
388,BR,115619000
389,BNL,37000000
390,BKD,183384992
391,BAM,1509549952
392,BBU,79913200
393,BIPC,44971100
394,BIP,295359008
395,RA,43890300
396,BEPC,114791000
397,BEP,183199008
398,BRO,284059008
399,BRT,17176400
400,BC,78342600
401,BKE,49407700
402,BVN,253987008
403,BBW,15591600
404,BG,139643008
405,BUR,219050000
406,BURL,66163600
407,BWXT,95309600
408,BY,38583900
409,CABO,6020340
410,CBT,56461500
411,COG,398580000
412,CACI,25218800
413,WHD,47549400
414,CADE,125979000
415,CAE,265796992
416,CAI,17742400
417,CAL,37912200
418,CRC,0
419,CWT,49840000
420,CALX,61772900
421,ELY,94179504
422,CPT,97395600
423,CCJ,395846016
424,CPB,302271008
425,CWH,42757300
426,GOOS,59142600
427,CM,446008992
428,CNI,710200000
429,CNQ,1181059968
430,CP,135534000
431,CANG,150972992
432,CNNE,91656200
433,CAJ,1045779968
434,CMD,42154300
435,COF,457396992
436,CSU,31914300
437,BXMT,146198000
438,CPRI,150647008
439,CPSR,27600000
440,CMO,96480800
441,CAH,293420992
442,CSL,53378900
443,KMX,164087008
444,CCL,861699968
445,CUK,882672000
446,CRS,48018400
447,CSV,17969800
448,CARR,866686976
449,CARS,67386200
450,CRI,43647600
451,CVNA,70578704
452,CSPR,40531500
453,CSLT,118751000
454,CTLT,164698000
455,CTT,48765500
456,CAT,543257984
457,CATO,22194200
458,CBZ,54531500
459,IGR,116590000
460,CBRE,335456000
461,PCPL,41400000
462,PRPB,82800000
463,FUN,56706300
464,CDR,89308800
465,CE,116895000
466,CLS,110456000
467,CEL,162775008
468,CPAC,85621400
469,CX,1510710016
470,CVE,1228870016
471,CNC,579798016
472,CEN,4926500
473,CNP,544819008
474,EBR,1569080064
475,CEPU,151402000
476,CCS,33350600
477,LUMN,1097129984
478,CDAY,147803008
479,CF,213916000
480,GIB,230370000
481,CHX,199832992
482,CHRA,29992800
483,CRL,49742600
484,CLDT,46972400
485,CMCM,139807008
486,CHGG,128811000
487,CHE,15951800
488,CC,164452992
489,CHMI,17076900
490,CPK,17460900
491,CVX,1925010048
492,CHWY,95156496
493,CHS,119892000
494,CIM,233731008
495,DL,33830100
496,CEA,327590016
497,CHN,10477400
498,CGA,6350130
499,LFC,5652939776
500,CHL,4095099904
501,COE,21407400
502,SNP,1210710016
503,ZNH,306585984
504,CHA,809320000
505,CHU,3059800064
506,CYD,40858300
507,CMG,27980300
508,CHH,55458100
509,CB,451360000
510,CHT,775745024
511,CHD,248450000
512,CCX,69000000
513,CCIV,207000000
514,CIEN,154320000
515,CI,361267008
516,XEC,102048000
517,CBB,50680600
518,CNK,118158000
519,CINR,19767300
520,CIR,19998100
521,CIT,98526496
522,CCAC,27600000
523,BLW,35739100
524,C,2082000000
525,CFG,427072992
526,CIA,49518300
527,CIO,43397100
528,CVEO,170582000
529,CCC,626184000
530,CLH,55246300
531,CCO,467328992
532,EMO,14342800
533,CEM,14083000
534,CTR,7680030
535,CLW,16573200
536,CWEN,81558800
537,CLF,399241984
538,CLPR,17768800
539,CLX,126050000
540,CLDR,312564992
541,NET,233914000
542,CMS,286334016
543,CNA,271388992
544,CNF,68582200
545,CNHI,1351330048
546,CNO,138984992
547,CEO,446475008
548,CNX,224528992
549,KOF,210083008
550,KO,4297430016
551,CCEP,454560000
552,CDE,243734000
553,FOF,27228300
554,CNS,47785700
555,UTF,93522800
556,MIE,26903200
557,RQI,134243008
558,RNP,47582200
559,PSF,12009700
560,RFI,26205200
561,CRHC,82800000
562,CFX,118389000
563,CFXA,117199000
564,CL,857169024
565,CXE,31521500
566,CIF,19260200
567,CXH,9110240
568,CMU,28325300
569,CLA,20000000
570,CLNY,481628000
571,CLNC,128583000
572,CXP,114464000
573,STK,15891800
574,CMA,139088000
575,FIX,36394800
576,CMC,119069000
577,CBU,53541700
578,CYH,119621000
579,CHCT,23430000
580,CIG,1580640000
581,CBD,268112992
582,SBS,683510016
583,ELP,273656000
584,CCU,184751008
585,CODI,64900000
586,CMP,33955100
587,CRK,232420992
588,CAG,488518016
589,CXO,196304992
590,CCM,43414000
591,CNMD,28601600
592,COP,1067960000
593,CCR,27690300
594,CEIX,26034700
595,ED,334859008
596,STZ,169504992
597,CSTM,139963008
598,TCS,50555100
599,CLR,365233984
600,VLRS,99378800
601,CTRA,18308800
602,CTB,50306100
603,CPS,16896500
604,CTK,61807100
605,CPA,31406000
606,CLB,44494700
607,CXW,119634000
608,CLGX,77778704
609,CORR,13651500
610,CPLG,58161000
611,COR,42766600
612,CNR,125102000
613,GLW,764009984
614,CAAP,160022000
615,OFC,112175000
616,CTVA,745016000
617,CZZ,134706000
618,CMRE,121494000
619,COTY,765902976
620,CUZ,148564000
621,CVA,131982000
622,CR,58108000
623,BAP,79405000
624,CS,2441600000
625,CPG,530036000
626,CEQP,73533800
627,CRH,785019008
628,CRT,6000000
629,CAPL,37868000
630,CCI,431000000
631,CCK,134763008
632,CRY,38857400
633,CTS,32268000
634,CUBE,195266000
635,CUB,31329000
636,CFR,62854600
637,CULP,12297800
638,CMI,148007008
639,CURO,40885100
640,CW,41577000
641,SRV,2183390
642,SZC,2601710
643,CWK,221630000
644,CUBI,31601300
645,CVI,100531000
646,UAN,110989000
647,CVS,1308909952
648,CELP,12211700
649,DHI,364000000
650,DEH,34500000
651,DAN,144491008
652,DHR,710377024
653,DAC,20450000
654,DQ,69483800
655,DRI,130081000
656,DAR,162068000
657,MSP,157548992
658,DVA,121989000
659,DCP,208352000
660,DECK,28084100
661,DE,313375008
662,DEX,12007300
663,DDF,7688160
664,DKL,43433200
665,DK,73725800
666,DELL,260566000
667,DAL,637734016
668,DLX,41894000
669,DEN,50000000
670,DBI,64591100
671,DESP,69946400
672,DB,2064499968
673,DVN,382500000
674,DHX,52437300
675,DHT,170798000
676,DEO,584683008
677,DSSI,40440200
678,DRH,199519008
679,DSX,89275000
680,DKS,65146600
681,DBD,77678400
682,DMS,32392600
683,DLR,280164992
684,DDS,17989600
685,DIN,16418700
686,DFS,306496000
687,DMYT,23000000
688,DMYD,27600000
689,DLB,64219900
690,DG,249034000
691,D,815819008
692,DCUE,655083008
693,DPZ,39399900
694,UFS,55194500
695,DCI,126396000
696,DFIN,33375400
697,LPG,50881900
698,DSL,101957000
699,DBL,14953700
700,PLOW,22857500
701,DEI,175375008
702,DOV,143970000
703,DVD,17862400
704,DOW,741752000
705,RDY,165902000
706,DGNR,69000000
707,DRD,85511400
708,DRQ,35095800
709,DS,67227904
710,DTE,193560000
711,DCO,11714600
712,DSE,2623350
713,DNP,303743008
714,DTF,8520680
715,DUC,27494700
716,DPG,37929800
717,DUK,735958976
718,DRE,371951008
719,DNB,423039008
720,DD,733849984
721,DXC,254412000
722,DY,31839200
723,DLNG,35612600
724,DT,282096992
725,DX,23145200
726,ELF,51033300
727,EXP,41817900
728,ECCB,23117600
729,ESTE,30210700
730,DEA,81231400
731,EGP,39556900
732,EMN,135468000
733,KODK,77163296
734,ETN,398600000
735,ETV,90855504
736,ETW,107487000
737,EV,114173000
738,EOI,39323900
739,EOS,49698200
740,EFT,39863700
741,EFL,23621600
742,EFF,7606420
743,EHT,21461700
744,EOT,15313400
745,EVN,39667200
746,ETJ,63830000
747,EFR,36848300
748,EVF,37866600
749,EVG,17880600
750,EVT,73507600
751,ETO,15681200
752,ETG,76300200
753,ETB,26883200
754,EXD,9731590
755,ETY,151716992
756,EXG,302863008
757,ECL,285444992
758,EC,2055830016
759,EPC,54355200
760,EIX,378513984
761,EW,623248000
762,ELAN,471915008
763,ESTC,86784400
764,EGO,174799008
765,ESI,247212992
766,ELVT,38070400
767,LLY,956582016
768,EFC,43781700
769,EARN,12334600
770,ERJ,184043008
771,EME,54930600
772,EEX,71440704
773,EBS,52999100
774,EMR,598038976
775,ESRT,170950000
776,EIG,29019200
777,EDN,43753700
778,ENBL,435475008
779,ENB,2025219968
780,EHC,99432496
781,DAVA,60602100
782,EXK,157472000
783,ENIA,1521730048
784,ENIC,1383330048
785,ENR,68517504
786,ET,2697720064
787,EPAC,59769000
788,ERF,222548000
789,ENS,42577300
790,E,1771980032
791,ENLC,489747008
792,EBF,26093900
793,ENVA,35666100
794,NPO,20536000
795,ETM,133940000
796,ETR,200232000
797,EPD,2182880000
798,EVC,59905400
799,ENV,53949800
800,NVST,159642000
801,EVA,39767500
802,ENZ,47895000
803,EOG,583377984
804,EPAM,55988900
805,EPR,74615200
806,EQT,275599008
807,EFX,121643000
808,EQNR,3246149888
809,EQH,444684000
810,ETRN,432470016
811,EQC,121525000
812,EQD,41400000
813,ELS,182224992
814,EQR,372252992
815,EQS,13518100
816,ESGC,185318000
817,ESE,26037700
818,ESNT,112423000
819,EPRT,104672000
820,WTRG,245272000
821,ESS,65204600
822,EL,226538000
823,ETH,25053100
824,EURN,203955008
825,EEA,7455230
826,EB,68281696
827,EVR,40590800
828,RE,39965700
829,EVRG,226832000
830,EVRI,85928304
831,ES,342668000
832,EVTC,71862896
833,EVH,85778704
834,AQUA,117199000
835,XAN,32093300
836,ENPC,16805600
837,EXPR,64837700
838,EXTN,33127000
839,EXR,129235000
840,XOM,4228229888
841,FNB,322635008
842,FN,36938500
843,FDS,37993500
844,FICO,29098200
845,SFUN,9005220
846,FTCH,297017984
847,FPI,29351300
848,FST,20000000
849,FSLY,102400000
850,FBK,47198700
851,FFG,24383100
852,AGM,9204910
853,FRT,75647104
854,FSS,60523400
855,FMN,11499100
856,FHI,100938000
857,FDX,262592000
858,RACE,184748000
859,FOE,82290600
860,FCAU,1574710016
861,FNF,293673984
862,FIS,620508992
863,FMO,7088150
864,FINV,305744992
865,FAF,111645000
866,FBP,218228992
867,FCF,96132800
868,FSLF,7418990
869,FHN,554787968
870,FR,129050000
871,AG,221238000
872,FRC,172208992
873,FFA,19982800
874,FMY,4213120
875,FDEU,17231900
876,FIF,17550200
877,FSD,34151000
878,FPF,60766000
879,FPL,25715400
880,FIV,35831600
881,FCT,26667000
882,FGB,14367600
883,FEO,5027320
884,FAM,12691500
885,FE,542110016
886,FSR,144904000
887,FIT,244868000
888,FPH,69051296
889,FVRR,35117200
890,FBC,52564300
891,DFP,19171800
892,PFD,11274900
893,PFO,12667300
894,FFC,44487500
895,FLC,9991050
896,FLT,83401600
897,FLNG,54110600
898,FND,103997000
899,FTK,73094896
900,FLO,211603008
901,FLS,130263000
902,FLR,140326000
903,FLY,30481100
904,FEAC,69000000
905,FMC,129757000
906,WPF,103500000
907,BFT,146703008
908,FMX,357823008
909,FL,104391000
910,F,3907579904
911,FOR,48061900
912,FTS,465000000
913,FTV,337196000
914,FTAI,85617104
915,FAII,34500000
916,FSM,184196000
917,FBHS,138928992
918,FET,5575960
919,FBM,43207100
920,FCPT,73445104
921,FEDU,46382400
922,FNV,190588000
923,FC,14025400
924,BEN,495230016
925,FT,25131900
926,FI,226319008
927,FCX,1452870016
928,FMS,585667968
929,FDP,47366900
930,RESI,58747100
931,FRO,197692000
932,FSK,123756000
933,FSKR,170132000
934,FCN,35661700
935,FUBO,67099400
936,FUSE,35000000
937,FF,43743200
938,GCV,18821400
939,GAB,259700000
940,GGZ,9268660
941,GGT,25104500
942,GUT,54921500
943,GLEO,17400000
944,GBL,8566020
945,GNT,20801900
946,GME,64758900
947,GCI,137959008
948,GPS,373592992
949,IT,89286896
950,GLOG,95114200
951,GLOP,47517800
952,GTES,290790016
953,GATO,59183100
954,GATX,35000000
955,GCP,73058304
956,GNK,41801800
957,GNRC,62841700
958,GAM,24644100
959,GE,8759870464
960,GIS,610918016
961,GM,1431309952
962,GCO,14993800
963,GEL,122539000
964,GNE,24645400
965,G,189348000
966,GPC,144290000
967,GNW,505595008
968,GEO,121315000
969,GPRK,60612300
970,GGB,1701159936
971,GTY,42806300
972,GFL,314300992
973,GIX,22245000
974,GIK,25893500
975,GIL,198307008
976,GLT,44367800
977,GKOS,44961400
978,GSK,2508709888
979,GB,167824992
980,CO,121551000
981,GMRE,48188300
982,GNL,89482600
983,GLP,33995600
984,GPN,299336992
985,GSL,17741000
986,GLOB,39559900
987,GL,104662000
988,GMED,76241600
989,GMS,42735600
990,GOAC,57500000
991,GDDY,167904000
992,GOL,177004992
993,GFI,883334016
994,GSBD,101534000
995,GS,344068000
996,GER,8858050
997,GRC,26102000
998,GPX,17161900
999,GGG,167540992
1000,EAF,267188992
1001,GHM,9976890
1002,GHC,4042470
1003,GVA,46741300
1004,GPMT,55205100
1005,GPK,270783008
1006,GTN,89113000
1007,AJX,23034400
1008,GWB,55014200
1009,GDOT,53479800
1010,GBX,32700900
1011,GHL,18972200
1012,GHG,101866000
1013,GEF,26442000
1014,GFF,56129800
1015,GPI,18314200
1016,GRUB,92755000
1017,PAC,56100000
1018,ASR,30000000
1019,AVAL,1114050048
1020,SUPV,91344496
1021,TV,564001024
1022,GSAH,75000000
1023,GSX,238324992
1024,GTT,58819500
1025,GSH,141671008
1026,GES,63610500
1027,GPM,48342600
1028,GOF,44225700
1029,GBAB,18752600
1030,GWRE,83180000
1031,GHLD,19667000
1032,HRB,192898000
1033,FUL,51735600
1034,HAE,50777300
1035,HAL,884006976
1036,HBB,9637810
1037,HBI,348324000
1038,HNGR,38109400
1039,HASI,75376896
1040,HOG,153279008
1041,HMY,597270016
1042,HSC,78916096
1043,HIG,358329984
1044,HVT,16699700
1045,HE,109181000
1046,HCHC,47353300
1047,HCA,338375008
1048,HCI,7982060
1049,HDB,1835079936
1050,HR,136054000
1051,HTA,218574000
1052,PEAK,538361024
1053,HL,531022016
1054,HEI,54189200
1055,HLX,150160992
1056,HP,107478000
1057,HLF,121616000
1058,HRI,29225900
1059,HTGC,114617000
1060,HRTG,28058900
1061,HT,38843500
1062,HSY,147530000
1063,HES,307076992
1064,HESM,18028300
1065,HPE,1286380032
1066,HXL,83535696
1067,HEXO,483444992
1068,PCF,5565010
1069,HGLB,22501900
1070,HFRO,71409296
1071,HPR,4305120
1072,HIW,103908000
1073,HIL,56227900
1074,HI,74779296
1075,HRC,66640800
1076,HTH,90238400
1077,HGV,85106496
1078,HLT,277308992
1079,HNI,42714600
1080,HMLP,33286300
1081,HEP,105440000
1082,HFC,162016992
1083,HD,1076460032
1084,HMC,1726610048
1085,HON,701686016
1086,HMN,41412900
1087,HZAC,54398400
1088,HZN,26219200
1089,HRL,539608000
1090,HLI,51519300
1091,HOV,5517610
1092,HHC,54922800
1093,HWM,433604000
1094,HPQ,1373500032
1095,HPX,25300000
1096,HSBC,4073520128
1097,HMI,61949500
1098,HNP,392452000
1099,HUBB,54236500
1100,HUBS,45887600
1101,HBM,261272000
1102,HUD,39344700
1103,HPP,152144992
1104,HUM,132293000
1105,HCFT,24943400
1106,HII,40492600
1107,HUN,220791008
1108,HUYA,235298000
1109,H,38479000
1110,HYLN,153902000
1111,HY,12953400
1112,IAA,134464992
1113,IAG,471003008
1114,IBN,3449679872
1115,ICL,1280550016
1116,IDA,50461900
1117,IEX,75705800
1118,IDT,23901500
1119,INFO,398359008
1120,IH,52274500
1121,ITW,316520000
1122,IMAX,58861200
1123,ICD,6175820
1124,IHC,14637800
1125,IRT,94840000
1126,IFN,26904600
1127,IBA,50000000
1128,INFY,4242589952
1129,ING,3900100096
1130,IR,417656000
1131,INGR,66990300
1132,IIPR,22174400
1133,INSI,10710000
1134,NSP,38354100
1135,INSP,26800100
1136,IBP,29800500
1137,ITGR,32875200
1138,ICE,561283968
1139,IHG,182656000
1140,IFS,115447000
1141,IBM,891057024
1142,IFF,106933000
1143,IGT,204856992
1144,IP,393095008
1145,INSW,27984800
1146,IPV,31055500
1147,IPG,390035008
1148,IPI,13294200
1149,IVC,34411700
1150,VBF,11386600
1151,VCV,47865300
1152,VTA,62980100
1153,IHIT,24057900
1154,IHTA,8780130
1155,VLT,6494740
1156,IVR,181375008
1157,OIA,47554200
1158,VMO,67414496
1159,VKQ,55320200
1160,VPV,23829500
1161,IVZ,459166016
1162,IQI,52883800
1163,VVR,153031008
1164,VTN,19477800
1165,VGM,54225300
1166,IIM,47056500
1167,IRET,12975900
1168,NVTA,176700000
1169,INVH,560532992
1170,IACA,25875000
1171,IO,14993500
1172,IQV,191726000
1173,IRM,288171008
1174,IRS,57867600
1175,ITCB,341604992
1176,ITUB,9762459648
1177,ITT,86400000
1178,IVH,16570200
1179,JPM,3048199936
1180,JAX,15070100
1181,JILL,48103100
1182,SJM,114074000
1183,JBL,150574000
1184,J,130208000
1185,JHX,443936992
1186,JHG,182491008
1187,JOF,28333900
1188,JWS,69000000
1189,JBGS,133600000
1190,JEF,254146000
1191,JELD,100752000
1192,JT,21134200
1193,JKS,44470900
1194,JMP,19665900
1195,JBT,31729200
1196,BTO,18720300
1197,HEQ,12223800
1198,JHS,11646600
1199,JHI,8707020
1200,HPF,21372800
1201,HPI,26192000
1202,HPS,31697300
1203,PDT,48644300
1204,HTD,35400800
1205,HTY,10913500
1206,JNJ,2632539904
1207,JCI,723907968
1208,JLL,51302900
1209,JMIA,81081000
1210,JIH,34500000
1211,JNPR,329736000
1212,JP,33714300
1213,JE,48051300
1214,LRN,41536200
1215,KAI,11509600
1216,KAMN,27677400
1217,KSU,93601600
1218,KAR,129252000
1219,KYN,126448000
1220,KMF,47197500
1221,KB,394633984
1222,KBH,97844400
1223,KBR,142527008
1224,BEKE,1143379968
1225,K,343712992
1226,KMPR,65408400
1227,KMT,83276000
1228,KW,141730000
1229,KEN,53871200
1230,KCAC,23000000
1231,KEY,976473024
1232,KEYS,187139008
1233,KRC,115251000
1234,KRP,38948000
1235,KMB,340136992
1236,KIM,432499008
1237,KMI,2263790080
1238,KFS,22711100
1239,KGC,1258300032
1240,KEX,60039000
1241,KL,272984992
1242,KRG,84203600
1243,KKR,569188992
1244,KIO,20340300
1245,KREF,55619400
1246,KNX,169832000
1247,KNL,50682100
1248,KNOP,32694100
1249,KN,91673800
1250,KSS,157775008
1251,PHG,909472000
1252,KTB,57205400
1253,KOP,21045700
1254,KEP,1283929984
1255,KF,5034820
1256,KFY,54781100
1257,KOS,405455008
1258,KRA,31871900
1259,KR,774324992
1260,KRO,115543000
1261,KT,490744000
1262,LB,277828992
1263,SCX,6434820
1264,LHX,210112000
1265,LH,97400000
1266,LADR,120267000
1267,LAIX,49412200
1268,LW,146339008
1269,LCI,41625600
1270,LPI,12003800
1271,LVS,763827968
1272,LGI,13009700
1273,LAZ,105006000
1274,LZB,45995500
1275,LCII,25154200
1276,LEAF,27390100
1277,LEA,60038800
1278,LEE,58358600
1279,LGC,6122700
1280,LEG,132519000
1281,LDOS,142320992
1282,LEJU,136304000
1283,LMND,56590500
1284,LC,78232704
1285,LEN,275116000
1286,LII,38289400
1287,LEVI,66461000
1288,LXP,276952992
1289,LPL,715630976
1290,DFNS,17250000
1291,USA,212852992
1292,ASG,41641600
1293,LBRT,91383400
1294,LSI,48597500
1295,LITB,111776000
1296,LSPD,89803504
1297,LNC,193264992
1298,LIN,525360000
1299,LNN,10834800
1300,LN,243703008
1301,LINX,175690000
1302,LAD,26102400
1303,LAC,91532200
1304,LYV,213416992
1305,LOAK,20000000
1306,LTHM,146303008
1307,RAMP,66312600
1308,LYG,17703800832
1309,SCD,17983300
1310,LMT,279784000
1311,L,274872992
1312,LOMA,119200000
1313,LGVW,41400000
1314,LPX,109324000
1315,LOW,755736000
1316,LXU,29317200
1317,LTC,39242200
1318,LUB,30674600
1319,LU,2439360000
1320,LL,28874700
1321,LXFR,27622100
1322,LDL,17760800
1323,LYB,333919008
1324,MTB,128303000
1325,MDC,64867200
1326,MHO,28745600
1327,MAC,149472000
1328,CLI,90712400
1329,MFD,8547440
1330,MGU,12468300
1331,MIC,87197904
1332,BMA,63900000
1333,M,310246016
1334,MCN,20946900
1335,MSGE,19613200
1336,MSGS,19582000
1337,MMP,223700992
1338,MGA,299264000
1339,MX,35538500
1340,MGY,165500992
1341,MAIN,66272500
1342,MMD,27602000
1343,MANU,38939200
1344,MTW,34558600
1345,MN,16490800
1346,MAN,57533200
1347,MFC,1939830016
1348,MRO,789390976
1349,MPC,650651008
1350,MMI,39376500
1351,MCS,23139000
1352,MPX,33868600
1353,HZO,21628100
1354,MKL,13777800
1355,VAC,41062800
1356,MMC,507191008
1357,MLM,62274200
1358,MAS,261676000
1359,DOOR,24503000
1360,MTZ,73866896
1361,MA,988470016
1362,MTDR,116837000
1363,MTRN,20327300
1364,MATX,43078700
1365,MLP,19364200
1366,MAXR,61074700
1367,MMS,61312600
1368,MXL,74168496
1369,MEC,20059400
1370,MBI,53928300
1371,MKC,124348000
1372,MCD,745110976
1373,MUX,408841984
1374,MCK,162116000
1375,MDU,200522000
1376,MTL,272112000
1377,MDLA,147083008
1378,MAX,33169100
1379,MPW,535996992
1380,MED,11769800
1381,MCC,2723710
1382,MDLY,643436
1383,MD,85598304
1384,MDT,1344409984
1385,MFAC,3195000
1386,MRK,2530030080
1387,MCY,55357700
1388,MDP,40482800
1389,MTH,37612100
1390,MTOR,72311600
1391,MTR,1863590
1392,MSB,13120000
1393,MEI,37529700
1394,MET,899948992
1395,MCB,8291260
1396,MTD,23794600
1397,MXE,1786460
1398,MXF,15005200
1399,MFA,453332992
1400,MCR,44315000
1401,MGF,32586300
1402,MIN,115931000
1403,MMT,61334700
1404,MFM,41187600
1405,MFV,7215410
1406,MTG,338574016
1407,MGP,131455000
1408,MGM,493939008
1409,MFGP,334900992
1410,MAA,114370000
1411,AMPY,37656500
1412,MLR,11405500
1413,HIE,18690700
1414,MTX,33994000
1415,MNSO,303975008
1416,MG,29192600
1417,MUFG,12844699648
1418,MIXT,22042500
1419,MFG,12696200192
1420,MBT,885968000
1421,MODN,34546600
1422,MOD,51147600
1423,MC,55460800
1424,MOGU,108468000
1425,MHK,71198600
1426,MOH,59300000
1427,TAP,200296992
1428,MNR,97976096
1429,MEG,24961700
1430,MCO,187800000
1431,MS,1748440064
1432,CAF,21881500
1433,MSD,20386700
1434,EDD,66092100
1435,IIF,13317300
1436,MOS,379089984
1437,MSI,169523008
1438,MOV,16572700
1439,FVAC,34500000
1440,MPLX,1040169984
1441,MRC,82239000
1442,MSA,38953300
1443,MSM,45525500
1444,MSCI,82895000
1445,MSGN,43459900
1446,MLI,57080200
1447,MWA,158064992
1448,MPLN,667460992
1449,MVF,64836400
1450,MZA,4637640
1451,MUR,153599008
1452,MUSA,28567700
1453,MVO,11500000
1454,MVC,17725100
1455,MYE,35825100
1456,MYOV,90593600
1457,NBR,7294020
1458,NC,5477220
1459,NTP,39198000
1460,NBHC,30604500
1461,NFG,90954304
1462,NGG,704078016
1463,NHI,44729200
1464,NOV,388264000
1465,NPK,7023290
1466,NNN,173540000
1467,SID,1380109952
1468,NSA,69197600
1469,NTCO,687356032
1470,NGS,13468800
1471,NGVC,22524300
1472,NRP,12261200
1473,NTZ,10970600
1474,NWG,6063600128
1475,NLS,30258800
1476,NVGS,55905300
1477,NNA,17103400
1478,NM,15880300
1479,NMM,11487700
1480,NAV,99576096
1481,NSH,23000000
1482,NCR,128900000
1483,NP,16802400
1484,NNI,27169900
1485,NPTN,50146500
1486,NSCO,49033900
1487,NTST,27979200
1488,NVRO,34428800
1489,HYB,23368900
1490,NFH,131357000
1491,GF,15729000
1492,NWHM,18232000
1493,IRL,4918810
1494,EDU,168888992
1495,NEWR,60975500
1496,NRZ,415744992
1497,SNR,83023800
1498,NYC,3235000
1499,NYCB,463904000
1500,NYT,166435008
1501,NJR,95930200
1502,NEU,10921400
1503,NEM,803358016
1504,NR,90803600
1505,NEXA,132439000
1506,NREF,5113400
1507,NXRT,24606500
1508,NHF,45634700
1509,NEP,73001296
1510,NEE,1959069952
1511,NEX,214364992
1512,NGL,128772000
1513,NLSN,356999008
1514,NKE,1254809984
1515,NINE,31561600
1516,NIO,1362179968
1517,NI,383212000
1518,NL,48789000
1519,NOAH,61635300
1520,NOK,5617059840
1521,NOMD,196728992
1522,NMR,3057799936
1523,OSB,80700000
1524,NAT,150424000
1525,JWN,157100000
1526,NSC,253984992
1527,NOA,29139100
1528,NRT,9190590
1529,NOC,166716000
1530,NWN,30568600
1531,NCLH,275636000
1532,NVS,2274500096
1533,NVO,2315569920
1534,DNOW,109380000
1535,NRG,244220992
1536,NUS,51031000
1537,NUE,301895008
1538,NS,109195000
1539,NTR,569145984
1540,NVG,213371008
1541,NUV,206996992
1542,NUW,15516100
1543,NEA,278590016
1544,NAZ,11571200
1545,NKX,47520300
1546,NCB,3302960
1547,NCA,28091000
1548,NAC,144735008
1549,JCE,16029300
1550,JHAA,7824420
1551,JHB,55900000
1552,JCO,27740900
1553,JQC,135608992
1554,JDD,19736500
1555,DIAX,36366900
1556,JEMD,14241400
1557,NEV,24950100
1558,JFR,56918500
1559,JRO,40541200
1560,NKG,10399800
1561,JGH,23177400
1562,NXC,6351910
1563,NXN,3924890
1564,NID,46909700
1565,NMY,23099700
1566,NMT,9322750
1567,NUM,20226900
1568,NMS,5782390
1569,NOM,2345800
1570,JLS,5487440
1571,NHA,8622710
1572,NZF,142126000
1573,NMZ,80582200
1574,NJV,1524360
1575,NXJ,41482900
1576,NRK,87235296
1577,NYV,2349610
1578,NNY,15235200
1579,NAN,30851300
1580,NUO,18317000
1581,NPN,1219150
1582,NQP,37383300
1583,JPC,103355000
1584,JPS,203780000
1585,JPT,6839180
1586,JPI,22761400
1587,NAD,211648992
1588,JRI,27469200
1589,JRS,28892500
1590,BXMX,104087000
1591,SPXX,17191800
1592,NIM,12445400
1593,NXP,16577800
1594,NXQ,17713700
1595,NXR,13045600
1596,NSL,38611500
1597,JSD,10085600
1598,NBB,27367900
1599,JTD,14484300
1600,JTA,13850900
1601,NPV,17878200
1602,NIQ,13097100
1603,NVT,170118000
1604,NVR,3720430
1605,OSH,240828992
1606,OAC,20125000
1607,OACB,25000000
1608,OXY,931209024
1609,OII,99304600
1610,OCN,8683990
1611,OFG,51347100
1612,OGE,200020000
1613,OI,156956000
1614,OIS,61031100
1615,ODC,5384560
1616,ORI,304063008
1617,OLN,157862000
1618,OHI,227004000
1619,OMC,214972992
1620,OGS,52920500
1621,OLP,20580900
1622,OCFT,369294016
1623,OMF,134322000
1624,OKE,444396992
1625,ONE,160860992
1626,ONTO,48831300
1627,OOMA,22400000
1628,OPY,12465100
1629,ORCL,3007160064
1630,ORAN,2656869888
1631,ORC,69296000
1632,OEC,60487100
1633,ORN,30415100
1634,IX,249544992
1635,ORA,51068600
1636,OSK,68106200
1637,OR,166867008
1638,SFTW,31625000
1639,OTIS,433195008
1640,OUT,144428992
1641,OSG,86337104
1642,OVV,259860992
1643,OMI,73512304
1644,OC,108233000
1645,ORCC,388228000
1646,OXM,16875800
1647,PCG,1984569984
1648,PKG,94830800
1649,PD,79530496
1650,PAGS,179076992
1651,PLTR,496529984
1652,PANW,94965200
1653,PAM,58220000
1654,PANA,14862500
1655,PARR,53977800
1656,PAR,21616700
1657,PGRE,220162000
1658,PKE,20381400
1659,PK,235612992
1660,PH,128800000
1661,PE,378663008
1662,PSN,100727000
1663,PRTY,110646000
1664,PAYC,57631000
1665,PBF,120128000
1666,PBFX,62351000
1667,BTU,97800000
1668,PSO,752974016
1669,PEB,130917000
1670,PBA,549942016
1671,PEI,79537200
1672,PFSI,72444200
1673,PMT,98789400
1674,PAG,80335696
1675,PNR,166346000
1676,PEN,36311200
1677,PFGC,133526000
1678,PDAC,0
1679,PKI,111974000
1680,PBT,46608800
1681,PVL,33000000
1682,PRT,12165700
1683,PRGO,136491008
1684,PSTH,200000000
1685,PRSP,160964000
1686,PTR,1830210048
1687,PBR,6522100224
1688,PFE,5558400000
1689,GHY,40923900
1690,ISD,33256700
1691,PGTI,58962800
1692,PM,1557319936
1693,PSX,436800000
1694,PSXP,228340000
1695,FENG,72907600
1696,DNK,182880000
1697,PHR,43722700
1698,PHX,22317100
1699,DOC,208230000
1700,PDM,126029000
1701,PCQ,18866100
1702,PCK,32135800
1703,PZC,22373700
1704,PCM,11628000
1705,PTY,100425000
1706,PCN,39926000
1707,PCI,146387008
1708,PDI,61820400
1709,NRGX,44707000
1710,PGP,10966900
1711,PHK,132113000
1712,PKO,19026000
1713,PFL,31218000
1714,PFN,71060000
1715,PMF,25916000
1716,PML,62920700
1717,PMX,33136000
1718,PNF,7826920
1719,PNI,11188500
1720,PYN,5728090
1721,RCS,43836500
1722,PING,81110896
1723,PINS,462676000
1724,PHD,24738200
1725,PHT,29231800
1726,MAV,23899000
1727,MHI,22771300
1728,PXD,164407008
1729,PIPR,17868200
1730,PBI,173108992
1731,PIC,23000000
1732,PJT,23798300
1733,PAA,728476992
1734,PAGP,187786000
1735,PLNT,81815104
1736,PLT,41246600
1737,AGS,35765800
1738,PHI,216056000
1739,PLYM,24714800
1740,PMVC,17500000
1741,PNC,423700992
1742,PNM,79653600
1743,PII,61700100
1744,POR,89510600
1745,PKX,318566016
1746,POST,67704304
1747,PSTL,9449350
1748,PPG,236204000
1749,PPL,768827008
1750,PQG,136338000
1751,PDS,13700000
1752,APTS,49900600
1753,PBH,50103800
1754,PVG,187254000
1755,PIAI,32408400
1756,PRI,39303300
1757,PRMW,160196992
1758,PGZ,6899800
1759,PRA,53889800
1760,PG,2479610112
1761,PGR,585598016
1762,PLD,739222976
1763,PUMP,100913000
1764,PRO,43435000
1765,PROS,43644100
1766,PB,92558600
1767,PRLB,26753500
1768,PFS,78572096
1769,PRU,396000000
1770,PUK,1304470016
1771,PSB,27482500
1772,TLK,990622016
1773,PEG,505848000
1774,PSA,174822000
1775,PHM,268094000
1776,PSTG,268212992
1777,PMM,48880000
1778,PIM,51191100
1779,PMO,34109700
1780,PPT,102518000
1781,NEW,87039504
1782,PVH,71093000
1783,PZN,16843600
1784,QTWO,53883200
1785,QEP,242220992
1786,QGEN,228748992
1787,QTS,64307100
1788,QUAD,40099700
1789,KWR,17831600
1790,NX,32805400
1791,PWR,138860992
1792,QD,253728992
1793,DGX,134766000
1794,QUOT,91005600
1795,RRD,71400000
1796,RMED,2919280
1797,RDN,191556992
1798,RFL,15031700
1799,RL,48222600
1800,RRC,256332992
1801,RNGR,8528760
1802,PACK,68999000
1803,RJF,136600000
1804,RYAM,63345000
1805,RYN,136518000
1806,RTX,1518720000
1807,RMAX,18557200
1808,RC,54466600
1809,RLGY,115457000
1810,O,350990016
1811,RLH,25464700
1812,RBAC,57500000
1813,RWT,111928000
1814,RBC,40595300
1815,RM,11335800
1816,RF,960444032
1817,RGS,35665800
1818,RGA,67937000
1819,RTP,69000000
1820,RS,63756300
1821,RELX,1931990016
1822,RNR,51216800
1823,SOL,51661400
1824,RENN,23219800
1825,RPLA,35937500
1826,RSG,318724992
1827,REZI,123495000
1828,RMD,144908000
1829,RFP,81533696
1830,QSR,303876992
1831,RPAI,214252992
1832,RVI,19829300
1833,REVG,63476200
1834,REV,53333100
1835,RVLV,25747200
1836,REX,6198480
1837,REXR,123790000
1838,RXN,120280000
1839,RH,19514200
1840,LEAP,41255000
1841,RNG,79327800
1842,RIO,1246790016
1843,RBA,109400000
1844,RAD,55224100
1845,RMM,19739500
1846,RMI,6373270
1847,RIV,9390000
1848,RSF,5774640
1849,OPP,13857900
1850,RLI,45055200
1851,RLJ,165022000
1852,RMG,23000000
1853,RHI,113980000
1854,RKT,115373000
1855,ROK,115967000
1856,RCI,393769984
1857,ROG,18675800
1858,ROL,327759008
1859,ROP,104872000
1860,RY,1422200064
1861,RCL,224338000
1862,RGT,10503500
1863,RMT,43098900
1864,RVT,100472000
1865,RES,215068000
1866,RPM,129937000
1867,RPT,80961904
1868,RYB,27586300
1869,R,53818800
1870,RYI,38117400
1871,RHP,54981300
1872,SPGI,240600000
1873,SBR,14579300
1874,SB,102175000
1875,SFE,20893100
1876,SAFE,53085600
1877,SAIL,90912496
1878,CRM,910000000
1879,SMM,17722400
1880,SBH,112852000
1881,SJT,46608800
1882,SBG,23000000
1883,SD,35928400
1884,SC,306071008
1885,SAP,1193650048
1886,SAR,11174300
1887,SSL,632286016
1888,BFS,23400000
1889,SCPE,17250000
1890,SLB,1392029952
1891,SNDR,94311696
1892,SWM,31323300
1893,SAIC,58164500
1894,SALT,12386900
1895,STNG,58000100
1896,SMG,55768800
1897,KTF,39500900
1898,KSM,11203900
1899,SRL,12554800
1900,SCU,22581100
1901,SCVX,23000000
1902,SE,487737984
1903,SA,67418800
1904,CKH,20372200
1905,SMHI,23362000
1906,SEE,155152992
1907,SEAS,78381800
1908,WTTR,86824096
1909,SEM,134763008
1910,SLQT,162632000
1911,SRE,288470016
1912,ST,157310000
1913,SXT,42357100
1914,SQNS,30312200
1915,SRG,38644700
1916,SCI,172744000
1917,NOW,195100000
1918,SFL,120907000
1919,SHAK,38499100
1920,SJR,490648000
1921,SHLX,393289984
1922,SHW,91049696
1923,FOUR,30023100
1924,SHG,477392992
1925,SHOP,110044000
1926,SSTK,36222700
1927,SBSW,731249984
1928,SIG,52343000
1929,SBOW,11936700
1930,SI,18629000
1931,SPG,305944992
1932,SSD,43421500
1933,SHI,108238000
1934,SITC,193220000
1935,SITE,44231000
1936,SIX,84977104
1937,TSLX,67628096
1938,SJW,28556200
1939,SKM,658886976
1940,SKX,135584000
1941,SKY,56638800
1942,SLG,72569600
1943,WORK,483126016
1944,SM,114573000
1945,SMAR,120610000
1946,SNN,437852000
1947,SNAP,1234710016
1948,SNA,54214600
1949,SNOW,38292000
1950,IPOB,41400000
1951,IPOC,82800000
1952,SQM,263196992
1953,SOGO,387591008
1954,SOI,29647100
1955,SWI,314041984
1956,SAH,30020600
1957,SON,100417000
1958,SNE,1233600000
1959,SOS,26074800
1960,SOR,8476470
1961,SJI,100590000
1962,SO,1056240000
1963,SCCO,773073024
1964,LUV,590273024
1965,SWX,56464900
1966,SWN,672766016
1967,SPE,8500970
1968,SR,51482400
1969,SPR,105624000
1970,SAVE,97678304
1971,SRC,108779000
1972,SPOT,187336000
1973,SRLP,22938400
1974,SII,24499800
1975,SPXC,44783300
1976,FLOW,42214100
1977,SQ,383806016
1978,SQZ,23972200
1979,JOE,58882500
1980,STAG,149230000
1981,SMP,22348300
1982,SXI,12380200
1983,SWK,160223008
1984,STN,112104000
1985,SGU,43741200
1986,SRT,40292800
1987,STWD,284688000
1988,STT,351956000
1989,SPLP,24948700
1990,SCS,88093696
1991,SCM,19486000
1992,SCL,22461400
1993,STE,85324000
1994,STL,194360992
1995,STC,26719300
1996,SF,68669296
1997,STM,903184000
1998,EDF,16582100
1999,EDI,9856760
2000,STON,117871000
2001,SRI,27005300
2002,STOR,263752000
2003,SYK,375606016
2004,MSC,110716000
2005,RGR,17495900
2006,SPH,62146400
2007,SMFG,6852349952
2008,INN,105709000
2009,SUM,114128000
2010,SMLP,3774990
2011,SUI,107563000
2012,SLF,584883968
2013,SXC,82768096
2014,SU,1525149952
2015,STG,168230000
2016,NOVA,93587400
2017,SUN,83089104
2018,SHO,215636000
2019,SUP,25591900
2020,SOAC,30000000
2021,SUZ,1349219968
2022,SWZ,13262000
2023,SWCH,118984000
2024,SBE,31411800
2025,SYF,583792000
2026,SNX,51544200
2027,SNV,147806000
2028,SYY,509359008
2029,SYX,37412400
2030,TWND,33421600
2031,TWN,7466650
2032,TSM,5186079744
2033,TAK,3126710016
2034,TAL,600387008
2035,TALO,73030000
2036,SKT,93453296
2037,TPR,277404992
2038,TRGP,229012992
2039,TGT,500617984
2040,TARO,38258100
2041,TTM,719494976
2042,TCO,61725400
2043,TMHC,129943000
2044,TRP,940000000
2045,TCP,71306400
2046,TSI,47746200
2047,TEL,330657984
2048,TISI,30627900
2049,FTI,449408000
2050,TECK,523297984
2051,TK,101107000
2052,TGP,86945296
2053,TNK,29100000
2054,TGNA,219242000
2055,TRC,26236900
2056,HQH,43083100
2057,THQ,41340400
2058,HQL,23494800
2059,THW,30102400
2060,TDOC,144960992
2061,TEO,430737984
2062,TDY,36881700
2063,TFX,46566700
2064,VIV,1688460032
2065,TEF,5250869760
2066,TDS,107051000
2067,TU,1290000000
2068,TDF,33804100
2069,EMF,16253200
2070,TEI,47998400
2071,GIM,134144000
2072,TPX,51588500
2073,TS,590268032
2074,TME,1677529984
2075,THC,105517000
2076,TNC,18473200
2077,TEN,61123400
2078,TDC,109300000
2079,TEX,69300000
2080,TMX,132107000
2081,TX,196308000
2082,TRNO,68372600
2083,TTI,125977000
2084,TEVA,1095970048
2085,TPL,7756160
2086,TGH,50947900
2087,TXT,228875008
2088,TFII,93362496
2089,AES,665131008
2090,AZEK,154635008
2091,BK,886136000
2092,BX,674006016
2093,CEE,6705940
2094,SCHW,1799779968
2095,COO,53340400
2096,GDV,90528704
2097,GRX,18111000
2098,GDL,14408300
2099,THG,36383800
2100,TRV,253308992
2101,TMO,396335008
2102,THR,33180500
2103,TPRE,95529504
2104,TRI,496968000
2105,THO,55366200
2106,TDW,40546600
2107,TIF,121369000
2108,TLYS,22413600
2109,TIMB,484206016
2110,TKR,75356200
2111,TMST,45152000
2112,TWI,61377000
2113,TJX,1199059968
2114,TOL,126183000
2115,TR,39336100
2116,BLD,33024400
2117,TTC,107297000
2118,TD,1812099968
2119,SNPR,34500000
2120,NDP,1846000
2121,TYG,13334200
2122,TEAF,13491000
2123,NTG,6320840
2124,TTP,2504100
2125,TPZ,6951330
2126,TOT,2628709888
2127,TSQ,14330200
2128,TM,1397980032
2129,TRTX,76756800
2130,TT,240124992
2131,TAC,274200000
2132,TCI,8717770
2133,TDG,54435900
2134,RIG,614612992
2135,TGS,151122000
2136,TRU,190300000
2137,TREB,51750000
2138,TREC,24817200
2139,TG,33497800
2140,THS,56509200
2141,TREX,115787000
2142,TY,53260900
2143,TPH,126825000
2144,TRNE,30015000
2145,TNET,66633700
2146,TRN,114162000
2147,TSE,38310300
2148,TPVG,30827700
2149,GTS,23430200
2150,TRTN,68607104
2151,TGI,52110700
2152,TROX,143556992
2153,TBI,35472800
2154,TFC,1348120064
2155,TNP,18781000
2156,TUFN,35796800
2157,TUP,49175000
2158,TKC,873241984
2159,TPB,19164100
2160,TRQ,201231008
2161,TPC,50827200
2162,TWLO,149784000
2163,TWTR,795350016
2164,TWO,273700000
2165,TYL,40326900
2166,TSN,294126016
2167,USB,1506439936
2168,USPH,12850400
2169,SLCA,73950000
2170,USX,33936200
2171,UBER,1763769984
2172,UI,62788000
2173,UBS,3587940096
2174,UDR,294481984
2175,UGI,208320992
2176,UGP,1088230016
2177,UMH,41709500
2178,UA,231684000
2179,UAA,188534000
2180,UFI,18453900
2181,UNF,15254300
2182,UN,2621299968
2183,UL,2621299968
2184,UNP,673868992
2185,UIS,63037900
2186,UMC,2484400128
2187,UNFI,54691000
2188,UPS,715217024
2189,URI,72136600
2190,USM,53029600
2191,X,220376000
2192,UNH,948820992
2193,UTL,15007100
2194,U,270776992
2195,UNVR,169100000
2196,UVV,24514900
2197,UHT,13770500
2198,UHS,77724496
2199,UVE,31334100
2200,UTI,32610700
2201,UNM,203662000
2202,UE,116701000
2203,UBA,29994400
2204,UBP,10072500
2205,USFD,220848992
2206,USAC,96903504
2207,USNA,21037900
2208,USDP,26844300
2209,BIF,98271000
2210,UTZ,59371200
2211,VFC,390004000
2212,EGY,57456100
2213,MTN,40249100
2214,VALE,5129909760
2215,VLO,407788992
2216,VHI,28273100
2217,VMI,21252800
2218,VVV,185035008
2219,VAPO,25661200
2220,VAR,91161296
2221,VGR,153292992
2222,VEC,11624600
2223,VEDL,929299008
2224,VEEV,135724992
2225,VEL,20087500
2226,VNTR,106742000
2227,VTR,374571008
2228,VNE,111595000
2229,VER,1091709952
2230,VRTV,15893600
2231,VZ,4138089984
2232,VET,158300000
2233,VRS,33723100
2234,VCIF,10380000
2235,VRT,328412992
2236,VIAO,22653500
2237,VVI,20428400
2238,VICI,536670016
2239,VNCE,11795900
2240,VIPS,677324032
2241,SPCE,234342000
2242,VHC,71058600
2243,VGI,11307500
2244,ZTR,47375600
2245,V,1683000064
2246,VSH,132561000
2247,VPG,12552400
2248,VIST,87652800
2249,VSTO,58235600
2250,VST,488780000
2251,VVNT,198470000
2252,VMW,112905000
2253,VOC,17000000
2254,VCRA,32493400
2255,VNT,168379008
2256,VNO,191260992
2257,IAE,11898900
2258,IHD,19039300
2259,VOYA,126268000
2260,IGA,18229300
2261,IGD,96678400
2262,IDE,19073700
2263,IID,8325150
2264,IRR,22347900
2265,PPR,145367008
2266,VMC,132511000
2267,WTI,141778000
2268,WPC,175398000
2269,WRB,178220992
2270,GRA,66190300
2271,GWW,53668000
2272,WNC,52950200
2273,WDR,65163700
2274,WD,31227500
2275,WMT,2833750016
2276,DIS,1807059968
2277,HCC,51186200
2278,WPG,187435008
2279,WRE,82372400
2280,WCN,262898000
2281,WM,422606016
2282,WAT,62047700
2283,WSO,32846300
2284,WTS,27433900
2285,W,72811800
2286,WBS,90201200
2287,WEC,315435008
2288,WEI,70461504
2289,WRI,128143000
2290,WMK,26898400
2291,WBT,141516000
2292,WFC,4134490112
2293,EOD,43803400
2294,WELL,417304992
2295,WCC,50042800
2296,WST,73927200
2297,WAL,100829000
2298,WEA,11863300
2299,TLI,9876920
2300,EMD,60746000
2301,GDO,14938400
2302,EHI,43867500
2303,HIX,84238896
2304,HIO,127026000
2305,HYI,22651400
2306,SBI,14082300
2307,IGI,10839500
2308,PAI,9503290
2309,MMU,43367900
2310,WMC,60812700
2311,DMO,10517000
2312,MTT,12200400
2313,MHF,21632900
2314,MNP,9719060
2315,GFY,4668410
2316,WIW,61184100
2317,WIA,29152800
2318,WES,416196000
2319,WU,411120992
2320,WAB,190326000
2321,WLK,127722000
2322,WLKP,35194500
2323,WBK,3610370048
2324,WRK,259636000
2325,WHG,8373140
2326,WEX,44130000
2327,WY,746422976
2328,WPM,449280000
2329,WHR,62546900
2330,WTM,3102010
2331,WSR,42354300
2332,WLL,38051200
2333,WOW,86845000
2334,WMB,1213590016
2335,WSM,77799904
2336,WGO,33753600
2337,WIT,5692680192
2338,WNS,49990600
2339,WWW,82071800
2340,WF,240756000
2341,WK,39896700
2342,INT,63502000
2343,WWE,46695000
2344,WOR,54375700
2345,WPP,245066000
2346,WPX,561020032
2347,WYND,85861296
2348,WH,93161000
2349,XYF,53502900
2350,XFLT,12760200
2351,XHR,113731000
2352,XRX,198384992
2353,XIN,53694700
2354,XPEV,719742976
2355,XPO,91415696
2356,XYL,180232000
2357,YALA,143230000
2358,AUY,952620992
2359,YELP,73996096
2360,YETI,87082304
2361,YEXT,119611000
2362,YRD,92806496
2363,DAO,111768000
2364,YPF,393312992
2365,YAC,34500000
2366,YUMC,419344000
2367,YUM,301668000
2368,ZEN,116677000
2369,ZBH,207278000
2370,ZTS,475268000
2371,ZTO,855300992
2372,ZUO,105300000
2373,ZYME,45627300
2374,TXG,80156096
2375,YI,82359400
2376,PIH,4957360
2377,PIHPP,5992430
2378,TURN,31121600
2379,ATNF,24383300
2380,FLWS,36285100
2381,BCOW,4769950
2382,ONEM,133013000
2383,FCCY,10237900
2384,SRCE,25553600
2385,VNET,132923000
2386,TWOU,72068896
2387,QFIN,151354000
2388,KRKR,37494300
2389,FVAM,8000000
2390,JOBS,67159504
2391,ETNB,19878900
2392,EGHT,106321000
2393,NMTR,150324992
2394,JFU,195191008
2395,AAON,52242100
2396,ABCM,226552000
2397,ABEO,98527696
2398,ABMD,45189900
2399,AXAS,8403460
2400,ABST,48777800
2401,ACIU,71741296
2402,ACIA,42144000
2403,ACTG,49279500
2404,ASO,89910600
2405,ACHC,88991200
2406,ACAD,158978000
2407,ACAM,30557300
2408,ACAMU,0
2409,ACST,96892496
2410,AXDX,57029700
2411,XLRN,60252000
2412,ACCD,55039200
2413,ARAY,91273696
2414,ACEV,23000000
2415,ACRX,90477600
2416,ACER,12285000
2417,ACHV,3587200
2418,ACIW,116762000
2419,ACRS,42919300
2420,ACMR,16662200
2421,ACNB,8703310
2422,ACOR,47962400
2423,ATVI,772857024
2424,AFIB,27846100
2425,ADMS,28520500
2426,ADMP,93657600
2427,AHCO,63882200
2428,ADAP,154779008
2429,ADPT,136772000
2430,ADXN,4459050
2431,ADUS,15808700
2432,AEY,11788900
2433,ADIL,14218100
2434,ACET,19600600
2435,ADTX,12279700
2436,ADMA,94548000
2437,ADBE,479719008
2438,ADTN,47956200
2439,ADES,18547900
2440,AEIS,38272700
2441,AMD,1202710016
2442,ADV,313424992
2443,ADXS,66227500
2444,ADVM,97331600
2445,AEGN,30772900
2446,AGLE,47937100
2447,AEHR,23310300
2448,AMTX,21815700
2449,AERI,46814800
2450,AVAV,24104300
2451,ARPO,47111700
2452,AIH,23612900
2453,AEZS,62678600
2454,AEMD,12088300
2455,AFMD,88326000
2456,AFYA,45168500
2457,AGBA,5975000
2458,AGEN,190148992
2459,AGRX,87434600
2460,AGYS,23591200
2461,AGIO,69259800
2462,AGMH,21791100
2463,AGNC,545212032
2464,AGNCM,477832000
2465,AGNCN,477832000
2466,API,99224496
2467,AGFS,53055000
2468,AIKI,34920200
2469,ALRN,40684600
2470,AIRT,2881850
2471,AIRTP,3044420
2472,ATSG,59589800
2473,AIRG,9767960
2474,ANTE,12566500
2475,AKAM,162704992
2476,AKTX,38473300
2477,AKBA,144539008
2478,KERN,19685900
2479,AKRO,34721800
2480,AKER,8859870
2481,AKUS,34382700
2482,AKTS,38627800
2483,AKU,70178400
2484,ALRM,49112100
2485,ALSK,53822500
2486,ALAC,4616240
2487,ALACU,2500000
2488,ALACW,2500000
2489,ALBO,19077200
2490,ALDX,38820300
2491,ALEC,79242704
2492,ALRS,17121900
2493,ALXN,218844992
2494,ALCO,7486110
2495,ALGN,78850400
2496,ALGS,33797800
2497,ALIM,5131740
2498,ALYA,51070100
2499,ALJJ,42172800
2500,ALKS,159150000
2501,ALLK,52503300
2502,ABTX,20447500
2503,ALGT,16389500
2504,ALGM,193182000
2505,ALNA,38291000
2506,ARLP,127195000
2507,LNT,249644000
2508,AESE,35110800
2509,AHPI,4013540
2510,AMOT,9757690
2511,ALLO,140280000
2512,ALLT,35212500
2513,ALVR,61659500
2514,MDRX,157982000
2515,ALNY,116181000
2516,AOSL,25487400
2517,GOOG,329867008
2518,GOOGL,300644000
2519,ATEC,78425296
2520,ALPN,23803200
2521,ALTA,18803400
2522,ALTR,43242200
2523,ATHE,18083400
2524,ALT,33071000
2525,ASPS,15649700
2526,AIMC,64714000
2527,ALTM,3746460
2528,ALXO,37107500
2529,AMAL,31049500
2530,AMRN,388828992
2531,AMRK,7090070
2532,AMZN,500889984
2533,AMBC,45809100
2534,AMBA,34614300
2535,AMCX,29754800
2536,AMCI,9061140
2537,AMCIU,5000000
2538,DOX,133019000
2539,AMED,32810500
2540,AMTB,28858900
2541,AMTBB,13286100
2542,UHAL,19607800
2543,AMRH,7491540
2544,ATAX,60545200
2545,AMOV,3351689984
2546,AAL,566489984
2547,AEP,496390016
2548,AFIN,108837000
2549,AFINP,0
2550,AMNB,10971200
2551,ANAT,26887200
2552,AOUT,13975100
2553,APEI,14809200
2554,AREC,35602400
2555,AMRB,5937530
2556,AMSWA,30658800
2557,AMSC,27603100
2558,AVCT,19753100
2559,AMWD,16993300
2560,CRMT,6842070
2561,ABCB,69490496
2562,AMSF,19331100
2563,ASRV,17058600
2564,ATLO,9122750
2565,AMST,20419700
2566,AMGN,582169024
2567,FOLD,260588000
2568,AMKR,242446000
2569,AMPH,47504000
2570,AMHC,10000000
2571,AMYT,32560300
2572,ASYS,14048200
2573,AMRS,239211008
2574,ADI,369560000
2575,ANAB,27277100
2576,AVXL,60190600
2577,ANCN,7419870
2578,ANDA,4417400
2579,ANDAU,2875000
2580,ANGI,77938200
2581,ANGO,37953100
2582,ANIP,12347600
2583,ANIK,14214500
2584,ANIX,23789400
2585,ANNX,38157600
2586,ANPC,11201400
2587,ATRS,166672000
2588,AEHL,3050090
2589,ATEX,17494600
2590,APA,377478016
2591,APLS,75604000
2592,APXT,35810000
2593,APHA,289340992
2594,APOG,26385700
2595,APEN,25783600
2596,AINV,65259200
2597,AMEH,36789900
2598,APPF,18098300
2599,APPN,37834200
2600,AAPL,17102499840
2601,APDN,5460780
2602,AGTC,25865900
2603,AMAT,913283008
2604,AMTI,34880400
2605,AAOI,22976200
2606,APLT,22488100
2607,AUVI,6334310
2608,APRE,21186800
2609,APVO,4145010
2610,APTX,63256700
2611,APM,11574300
2612,APTO,88861696
2613,APYX,34274800
2614,AQMS,61175600
2615,AQB,44960800
2616,AQST,33619800
2617,ARAV,16087300
2618,ABUS,84909296
2619,ABIO,9321470
2620,RKDA,10832200
2621,ARCB,25407900
2622,ACGL,406027008
2623,ACGLO,402939008
2624,ACGLP,402939008
2625,FUV,31855400
2626,ARCE,30183600
2627,ARCT,24493100
2628,ARQT,43634500
2629,ARDX,90248496
2630,ARNA,58164000
2631,ARCC,422622016
2632,ARGX,47108500
2633,ARDS,8923370
2634,ARKR,3502410
2635,ARRY,126994000
2636,AROW,15491400
2637,ARWR,102292000
2638,ARTL,15111600
2639,ARTNA,8459520
2640,AACQ,72450000
2641,ARTW,4431690
2642,ARVN,40549000
2643,ARYA,15449000
2644,ASND,53416100
2645,APWC,13819700
2646,ASLN,37991000
2647,ASML,418385984
2648,ASPU,24435300
2649,AZPN,67718704
2650,AWH,104086000
2651,ASMB,33022300
2652,ASRT,107223000
2653,ASTE,22609300
2654,AZN,2624610048
2655,ATRO,23927400
2656,ALOT,7168420
2657,ASTC,18557800
2658,ASUR,15907300
2659,AACG,31350500
2660,ATRA,77714304
2661,AVIR,82616896
2662,ATNX,93339200
2663,ATHX,197700000
2664,ATHA,32485200
2665,ATIF,51362500
2666,AAME,20414300
2667,ACBI,20779400
2668,AUB,78718704
2669,AY,101602000
2670,ATLC,15962000
2671,AAWW,27517300
2672,ATCX,5838930
2673,TEAM,132163000
2674,ATNI,15898500
2675,ATOM,21455300
2676,ATOS,10492800
2677,BCEL,29991300
2678,ATRC,45023200
2679,ATRI,1828950
2680,LIFE,10124000
2681,AUBN,3566220
2682,AUDC,32685100
2683,AEYE,10020100
2684,AUPH,126252000
2685,EARS,7089510
2686,JG,115723000
2687,ADSK,219279008
2688,AUTL,52298900
2689,ADP,428814016
2690,AUTO,13169200
2691,AVDL,58272700
2692,AVCO,81398800
2693,ATXI,16747800
2694,AVEO,28809200
2695,AVNW,5461440
2696,CDMO,56602800
2697,CDMOP,56001500
2698,AVID,44208100
2699,RNA,37526600
2700,AVGR,84922096
2701,CAR,69683400
2702,RCEL,21623300
2703,AVT,98829296
2704,AVRO,36451000
2705,AWRE,21447300
2706,ACLS,33496000
2707,AXLA,37540900
2708,AXGN,40126300
2709,AAXN,63549900
2710,AXNX,39523000
2711,AXSM,37344200
2712,AXTI,41300000
2713,AYLA,12778000
2714,AYRO,24298300
2715,AYTU,127929000
2716,AZYO,7091740
2717,AZRX,28502800
2718,RILY,25431600
2719,BOSC,4321410
2720,BIDU,341076000
2721,BCPC,32351100
2722,BLDP,260992992
2723,BANF,32682300
2724,BAND,22066900
2725,BFC,7730070
2726,BOCH,16786700
2727,BMRC,13615600
2728,BKSC,5520470
2729,BOTJ,4339440
2730,OZK,129328000
2731,BSVN,9044760
2732,BFIN,14780600
2733,BWFG,7896500
2734,BANR,35155600
2735,BZUN,77760000
2736,BBSI,7646320
2737,GOLD,1778130048
2738,BSET,9976510
2739,BXRX,26238800
2740,BCML,11833100
2741,BBQ,9284100
2742,BCBP,17081200
2743,BLSA,14375000
2744,BCTG,21377200
2745,BECN,68877600
2746,BEEM,7023950
2747,BEAM,57966000
2748,BBGI,12627200
2749,BBBY,126008000
2750,BGNE,90797400
2751,BELFA,2144910
2752,BELFB,10214400
2753,BLPH,9497780
2754,BLCM,6099780
2755,BLU,78337400
2756,BNFT,32201300
